,WO2014131027-A1,WO2014029453-A1,CN102332321-A,EP1617711-A1,CN104078565-A,WO2002002714-A2,US7102158-B2,CN101061570-A,JP09306853-A,WO2005019373-A3,US5551568-A,US20100282320-A1,US20090009065-A1,US6914182-B2,JP2008260849-A,US6137223-A,US20040137268-A1,US6528427-B2,US5554229-A,US20090226717-A1,JP2007273455-A,CN102931255-A,KR1306563-B1,US6101716-A,WO2003040257-A1,US20140158949-A1,US20050072458-A1,US20100224228-A1,US20090032097-A1,WO2010054730-A1,WO2004107822-A1,US20060037529-A1,US20030072964-A1,JP63213978-A,US20080106212-A1,JP2012020409-A,US20090284217-A1,KR2017009403-A,US20060032527-A1,JP2005347444-A,US8207548-B2,US20080124572-A1,US5837391-A,WO2014163062-A1,KR2016097766-A,US4356429-A,CN104412407-A,US20100090591-A1,CN101525334-A,CN104263351-A,US20050178429-A1,US20130323490-A1,CN1729571-A,US7833919-B2,US6066357-A,US20020104606-A1,JP2007047770-A,JP2004296651-A,JP2010263115-A,US5150006-A,US7119372-B2,KR2013133983-A,EP1142937-A2,EP650955-A1,CN101673806-A,CN103700689-A,US20060051690-A1,CN201653545-U,CN101267938-A,US20110156532-A1,US8299473-B1,US6602606-B1,US20030215724-A1,US20140016278-A1,JP62252976-A,CN102190975-A,US20030106580-A1,CN202450715-U,JP07326784-A,US20110155211-A1,CN1714091-A,WO2011068968-A2,US20090072712-A1,US20100003942-A1,JP2002540559-W,CN101870697-A,KR1153588-B1,EP1207556-A3,WO2006057463-A1,US20100039024-A1,US7534505-B2,US20060003544-A1,CN104241411-A,US20050260441-A1,WO2007068325-A1,US20060000178-A1,WO2008096239-A1,US20080169017-A1,FR3002083-A1,JP2009286689-A,WO2005026144-A1,CN103887369-A,JP2005123370-A,KR2016108252-A,US20080029154-A1,US7729734-B2,CN1303828-A,WO2011024986-A1,US20090223555-A1,WO2016157979-A1,WO2010032663-A1,US7033858-B2,US20090039776-A1,US20100276066-A1,US3245760-A,EP2615193-B1,US20020183188-A1,US4767211-A,US20050268962-A1,US20050244673-A1,US20060228581-A1,KR721002-B1,JP2010045301-A,CN103224486-A,JP2001068266-A,US20050178428-A1,WO1996021659-A1,US5688551-A,JP2006273668-A,US5400558-A,CN107010670-A,CN101315953-A,CN101290348-A,KR2014138817-A,JP2002170971-A,WO2008123189-A1,US20110017298-A1,WO2016026122-A1,JP2006001973-A,CN103065702-A,TW201129623-A,US20120088648-A1,JP2006347783-A,US6072692-A,US7781672-B2,JP2005289797-A,CN101373798-A,US8097081-B2,WO2010041687-A1,US20090000657-A1,WO2014027521-A1,WO2013157604-A1,JP2008504379-A,US6413656-B1,US6423951-B1,KR2016108440-A,US6284393-B1,US6762508-B1,CN201360157-Y,JP2004188609-A,CN105576050-A,US20080198881-A1,JP58037449-A,JP2015002318-A,JP2004335610-A,EP2302690-A1,JP09169538-A,CN105713185-A,JP2009209134-A,WO2016147867-A1,KR2007010546-A,JP2001196104-A,US4311869-A,US20150034150-A1,US4950897-A,JP02158633-A,WO2008056746-A1,WO2013084029-A1,US20030134469-A1,WO2011033958-A1,KR2016059531-A,EP2631954-A1,US6613598-B1,US7112465-B2,US20050109240-A1,US6784463-B2,US20060149016-A1,JP04236781-A,EP1965452-A3,US5626688-A,KR2017079896-A,CN102017011-A,EP1095387-A1,WO2013190255-A2,US20100189981-A1,CN101557178-A,CN102219700-A,US7709288-B2,WO2013171517-A1,WO2017047808-A1,US20140190550-A1,US20060163589-A1,US8094247-B2,US20080220265-A1,US8306608-B2,JP11312815-A,US20050175831-A1,US5437735-A,CN101626988-A,US20070102696-A1,US4367367-A,WO2012128342-A1,JP2013509715-A,JP63299171-A,WO1992018552-A1,US20100218825-A1,US20040251483-A1,WO2007006383-A2,US5217539-A,US7754841-B2,US5811361-A,KR2014063579-A,WO2004030139-A1,US20040178325-A1,US20040253451-A1,EP2075274-A1,US6696739-B2,KR2002059853-A,US7252712-B2,US8309840-B2,US20080008907-A1,US8960979-B2,CN102343352-A,WO2013028441-A2,WO2012023947-A1,US20040119135-A1,WO2006117052-A1,WO2015017885-A1,US5975420-A,CN101712674-A,US6765240-B2,US7026756-B2,US5575876-A,US20040247876-A1,WO2002002714-A3,JP11171853-A,JP2015131473-A,JP10072237-A,US6861722-B2,US20100013037-A1,CN106167290-A,US20010011935-A1,US6211455-B1,CN102810344-A,US5868837-A,US6194119-B1,US20160020352-A1,JP2009200267-A,WO1991016719-A,US20100117118-A1,US20010020485-A1,JP2011096747-A,CN101945965-A,WO1996025769-A1,CN104852098-A,WO2006003000-A1,US20040174116-A1,WO2009108319-A1,US20020118388-A1,WO1997039045-A1,US6398867-B1,WO2015039128-A2,JP2012076295-A,EP2034538-A1,US20060243318-A1,US7116421-B2,US20120017995-A1,US6184057-B1,EP1868256-A2,US20050040759-A1,WO2011110869-A2,JP2005101427-A,US6152977-A,US6479745-B2,JP2011063851-A,US7381391-B2,US20040253419-A1,JP12164909-A,CN106876594-A,JP2010509180-W,JP2016535429-A,WO2004013080-A1,KR2012088841-A,WO2006009024-A1,KR2011036161-A,CN107331734-A,WO2011042107-A2,JP2007254297-A,US20080282978-A1,US20090105447-A1,US20050040374-A1,WO2001041512-A1,WO2005085387-A1,CN103788111-A,WO2010054729-A2,US20150318498-A1,US20050112407-A1,US20050152820-A1,US20030068528-A1,JP5647121-B2,EP1507307-A1,US6384318-B1,US7338722-B2,JP2005347160-A,WO2004022626-A1,CN1856448-A,US20060177362-A1,US7714098-B2,US20070131271-A1,US20070087223-A1,JP2001102104-A,JP2006143845-A,CN105218541-A,US20110309307-A1,US5844363-A,WO2007122936-A1,US20100066241-A1,US20110108081-A1,EP1205527-A1,WO2008086851-A1,JP2010013444-A,US5834893-A,US5030295-A,US20110177325-A1,KR735101-B1,CN101228250-A,US20080298409-A1,WO2017190800-A1,US20120187412-A1,JP2015046565-A,EP606453-A1,US7001577-B2,US20080110486-A1,JP2008004839-A,JP2010182720-A,WO2009000673-A2,US20080073660-A1,JP09169539-A,KR2011015836-A,WO2011161170-A1,CN203056029-U,CN102800734-A,JP2010111819-A,US20090036643-A1,DE102007005161-A1,US6042902-A,US8236967-B2,WO2006114966-A1,KR2016059215-A,JP2008270238-A,JP2012256716-A,KR1582510-B1,WO2006072002-A3,JP2011026376-A,KR2016097685-A,US7160531-B1,JP01205474-A,JP2015109384-A,WO2009021126-A2,JP2011211199-A,US7208393-B2,KR2016061469-A,US20020158242-A1,JP2004039448-A,JP08151485-A,CN107338044-A,US5501744-A,US6278236-B1,US7078731-B2,EP1838671-A2,EP1191614-A2,TW201210942-A,US20090301388-A1,KR2010123130-A,US20070190359-A1,KR2011011346-A,US20020084503-A1,WO2015033291-A1,WO2017154397-A1,JP2007123392-A,WO2011044988-A1,US6097147-A,WO2009003898-A1,US6048442-A,US8597802-B2,US20060256728-A1,WO2014053206-A1,US20090108737-A1,CN102585177-A,CN104716206-A,JP2006253264-A,JP2011183792-A,US5776622-A,JP2002540559-A,EP1829871-A1,US7135350-B1,US5883462-A,US20070231592-A1,EP1191612-A2,US7087321-B2,JP2004152747-A,KR2017057458-A,WO2015043722-A1,KR1645534-B1,US20060158111-A1,JP2017200411-A,US4430051-A,CN106831815-A,WO2001039234-A3,US8354679-B1,US4768292-A,KR629891-B1,CN102272221-A,CN102823015-A,KR2012110065-A,US20060263635-A1,CN101316082-A,JP2006151708-A,KR2014132850-A,US20080006831-A1,EP1731584-A1,US8148801-B2,WO2004070772-A2,US7250226-B2,US20060280965-A1,WO2011061987-A1,US20110011802-A1,JP61260204-A,US7642122-B2,US8492185-B1,CN102184780-A,WO2006092134-A1,CN207312041-U,US20110118571-A1,US20040023427-A1,CN201209065-Y,US20120055547-A1,US20070289622-A1,US20050236033-A1,CN106238077-A,US20130251615-A1,US20080128846-A1,CN1948142-A,CN108149158-A,KR1382495-B1,US6475254-B1,JP2987523-B2,WO2012060199-A1,US4379202-A,US20060008670-A1,JP2005139100-A,JP2008074939-A,US4749430-A,CN102574882-A,US6686608-B1,US20070077674-A1,JP2008004691-A,US20120167946-A1,JP2011052087-A,CN102891203-A,US6921915-B2,JP2008085270-A,CN103159928-A,CN102024856-A,CN102292830-A,US20170084399-A1,US4021267-A,JP2016071311-A,WO2006061759-A3,JP2008523049-A,CN101515609-A,US7155870-B2,CN203859153-U,DE4142936-A1,JP2009255040-A,CN201126232-Y,US20130051011-A1,JP2008222592-A,JP2000068047-A,CN101014890-A,JP10093125-A,CN101271775-A,US7053413-B2,KR2011098689-A,JP2011076791-A,WO1999065085-A1,JP2008166338-A,CN1512599-A,JP2000114565-A,US20100276071-A1,US20080223428-A1,JP21503-U,US7445855-B2,US7045786-B2,US20110275814-A1,US7095044-B2,JP86250034-A,US20040043528-A1,US7335262-B2,US4055442-A,KR2014088571-A,JP2007234866-A,WO2011108765-A1,US5882548-A,KR1458378-B1,US20100018568-A1,US20120064321-A1,US7154114-B2,US7786375-B2,US5951809-A,US20030157366-A1,US20020096188-A1,US20070166853-A1,CN101796654-A,CN103382248-A,WO2011043771-A1,JP2007012377-A,US20150191609-A1,WO2012016033-A1,WO2011093329-A1,JP2011184284-A,US20110262773-A1,CN101997969-A,KR922772-B1,WO2008006449-A1,JP2005116324-A,US20050175857-A1,US3609468-A,WO2005019373-A2,EP2085450-A1,CN101650173-A,EP377564-A,KR2010025429-A,US20070181056-A1,JP2007211932-A,WO2005121415-A1,WO1996007538-A1,JP2008084913-A,US20110064103-A1,WO2010102178-A2,US20090056790-A1,KR2007102243-A,KR2011108849-A,US5707745-A,CN105097986-A,JP06045628-A,US20100171417-A1,CN105948521-A,CN107011361-A,US20100229950-A1,WO1997035227-A2,US6729081-B2,US6451415-B1,US5527717-A,WO2009116626-A1,CN104541400-A,US20030021913-A1,US20090159118-A1,US20100289103-A1,US20030152802-A1,US20060288927-A1,US20090133739-A1,US3067071-A,JP2012204610-A,CN101494255-A,US20120266942-A1,US20030230337-A1,US20060060238-A1,US5725006-A,WO2008018931-A2,US8404967-B2,JP2000124475-A,CN101771091-A,US20150162385-A1,US7198671-B2,EP1028136-A2,EP2317566-A2,US20050238919-A1,JP09274990-A,US5449412-A,WO2017107573-A1,US7009215-B2,JP2002025336-A,CN1810394-A,US20060160261-A1,US20020132134-A1,US20110151223-A1,EP1437392-A1,WO2011122132-A1,JP2002368233-A,JP2016103627-A,CN102097154-A,JP11043180-A,CN101373670-A,US20100031875-A1,JP2004522681-A,US20060107997-A1,US20010048114-A1,WO2005111172-A2,US20100025656-A1,CN103472430-A,US20110081502-A1,US20080230765-A1,JP10308525-A,CN1502553-A,WO2006047119-A1,WO2001000538-A2,CN101076901-A,US5061569-A,WO2007085721-A1,US20030162053-A1,US6787814-B2,US20080185037-A1,JP2016155241-A,US20030140845-A1,US5232518-A,KR2011023090-A,JP2001230441-A,WO2013021314-A1,KR2017053534-A,CN103177792-A,CN105524256-A,JP2014107504-A,CN104557968-B,JP07066437-A,WO2005014689-A2,US20130240027-A1,CN101370889-A,US20030121228-A1,CN106025075-A,WO2017058004-A2,US5661041-A,US20070114569-A1,US7704324-B2,WO2006058737-A1,WO2011025068-A1,WO2009017798-A1,US20120048352-A1,US9818949-B2,WO2009062578-A1,CN102280268-A,WO2000002253-A2,CN102712495-A,CN102703987-A,US5575861-A,US4253881-A,DE4122721-C,CN204252802-U,JP2001522147-A,AU2008202346-A1,WO2009018009-A1,JP2006342318-A,KR2014093163-A,US4350837-A,US6281561-B1,CN101615635-A,US20080292786-A1,US6555741-B1,WO2010110087-A1,US20030230980-A1,CN103106947-A,US6172459-B1,WO2000053656-A1,JP2013119209-A,EP894107-A1,WO2010015306-A1,JP2010215436-A,US6960716-B2,US4574160-A,US20090133340-A1,JP2004155765-A,US8329511-B2,US20100229945-A1,CN101937934-A,JP2007059750-A,CN101582458-A,JP2010278256-A,CN103021511-A,US20090308438-A1,US6245987-B1,US5683823-A,JP2007177252-A,JP2014207251-A,WO2011088877-A1,CN102260369-A,JP2006264786-A,JP2011187541-A,US20080015355-A1,EP2883881-A1,US4485125-A,US20090095341-A1,JP2013519972-A,WO2010020329-A1,JP2015122177-A,US20060263592-A1,CN1501513-A,US20090242015-A1,EP2554626-A2,US20020034656-A1,JP2000164909-A,US4418238-A,JP2003077550-A,US8198643-B2,US233470-A,US20110226999-A1,US5755999-A,US20110211306-A1,WO2010117449-A2,CN104465102-A,US20100219505-A1,US20090205270-A1,CN202268357-U,EP731625-A2,US5369291-A,US4350560-A,JP2010009786-A,WO2002072714-A1,JP2005100815-A,US20070190340-A1,US20080271774-A1,JP2001048573-A,US20140158982-A1,WO2004047499-A1,US6153895-A,US7098487-B2,US20070215203-A1,US6162658-A,US20090115316-A1,JP2013180419-A,US20120186652-A1,WO2006061181-A1,CN101072754-A,US20040124435-A1,US8264775-B2,DE3520699-A,CN103155157-A,CN106956853-A,WO2013171518-A1,JP2015046440-A,KR2015113631-A,WO2012003918-A1,US6180956-B1,JP2007073459-A,US6281429-B1,US20090299029-A1,CN101449386-A,US8945725-B2,WO2004043974-A1,JP2008532301-A,WO2009011327-A1,JP08127389-A,CN203552072-U,US20080041438-A1,JP2007201302-A,KR1857632-B1,JP2012248663-A,US20090126970-A1,JP2008243759-A,US20080067622-A1,US20110062415-A1,JP2011256143-A,WO2004113468-A1,US6129900-A,JP2002540559-T,US20140174528-A1,US20150349277-A1,US6337102-B1,CN106964371-A,US20030209191-A1,CN105185912-A,CN102610665-A,US7807992-B2,US20060084348-A1,KR2009029613-A,WO2017014273-A1,JP2005249268-A,US20090308457-A1,EP2123442-A1,US6764297-B2,US20090179554-A1,US5276380-A,WO2009047993-A1,US20060269215-A1,US4612409-A,JP2005011610-A,JP2002520818-A,US20070128966-A1,CN102315331-A,WO2011062100-A1,US20100307589-A1,CN103762344-A,CN205243077-U,WO2016038338-A1,US3335084-A,EP2045848-A1,WO2012114316-A1,JP2008255097-A,US5503898-A,KR2010040783-A,US5650019-A,JP2006213595-A,WO2010001982-A1,US20110011451-A1,US4885211-A,US6331671-B1,US20090165846-A1,CN103106948-A,US20100108985-A1,US5474620-A,CN105811562-A,JP2005342975-A,US20070210074-A1,JP2017126606-A,US20040161222-A1,CN102122681-A,US20120178215-A1,DE102006062092-A1,WO2011141293-A1,US20140192512-A1,EP1180774-A2,WO2005006482-A1,US20050069729-A1,US20150004490-A1,WO2008132085-A1,JP2002029775-A,CN106543201-A,US20070194311-A1,KR2003026984-A,DE102007058750-A1,US5198153-A,US20090153037-A1,US7976630-B2,US20070290224-A1,US20090178350-A1,US20100117859-A1,US8306081-B1,CN101633304-A,EP3109253-A1,EP2180522-A1,JP2008153013-A,JP4110160-B2,US20080223438-A1,US7368015-B2,US20120248419-A1,WO2005089025-A1,CN1804502-A,JP2004319872-A,JP05232488-A,CN102569432-A,US20100000597-A1,US20110005582-A1,US20100147210-A1,US20080156254-A1,JP2006295064-A,CN106966955-A,US20080106190-A1,EP1783132-A1,JP2014130250-A,US20060255343-A1,CN101465217-A,US20140252406-A1,WO2016090283-A1,CN204726802-U,US6331673-B1,US20070082227-A1,WO2005014688-A2,EP2637229-A2,US20070274359-A1,US20120132270-A1,JP2017123316-A,JP2007039321-A,EP2568030-A2,US20080259507-A1,JP56030770-A,JP2002094089-A,US20070232057-A1,WO2014076952-A1,US6423568-B1,US20070131967-A1,US20120199952-A1,US7144612-B2,JP2017168498-A,US20050048821-A1,CN200941388-Y,JP09111460-A,US6451455-B1,JP08268998-A,US20080284331-A1,US20090092536-A1,US8188504-B2,CN1664459-A,CN103091878-A,US8460963-B2,WO2009115435-A1,WO2002011213-A1,US20100032691-A1,FR2890181-A1,CN102938480-A,US7678991-B2,US20080221353-A1,US20060032428-A1,JP09293600-A,KR903950-B1,WO2005039246-A1,US20080272462-A1,KR2017049359-A,WO2011085964-A1,US20110100291-A1,JP2785442-B2,US20090255565-A1,CN101978022-A,WO2004072089-A1,US20050121679-A1,US20130215067-A1,US20120031872-A1,WO2010050778-A1,US20060289386-A1,US5419941-A,KR2008003623-A,JP2006040937-A,US20130180580-A1,JP2004227920-A,WO2014151522-A1,WO2011131280-A1,US20020121638-A1,US20150076418-A1,JP2005156059-A,EP1275651-A2,JP2016068383-A,WO2015119124-A1,WO2007063796-A1,US6933504-B2,EP2332856-A1,US9484484-B2,US20130157070-A1,US20080285609-A1,EP2055710-A1,US20110121722-A1,US20030021912-A1,JP2008118073-A,US5125964-A,JP2012124328-A,KR1172374-B1,CN202749400-U,JP2013519971-A,JP2004053149-A,CN102195006-A,US5059862-A,WO1987006626-A,CN201844917-U,CN1350334-A,CN105200522-A,US20060042683-A1,US20130156994-A1,CN1287916-A,CN102482274-A,CN1044680-A,US7420261-B2,JP2003246021-A,US20090250686-A1,KR2017036596-A,US5891349-A,US20100141125-A1,US6013982-A,US20090136779-A1,US20050126623-A1,JP2015194731-A,WO2007137725-A1,JP73026977-B1,US6465381-B1,US7445508-B2,KR1595895-B1,WO2010136109-A1,US20100229924-A1,US20140315016-A1,US20070197004-A1,WO2005003253-A2,US20030145784-A1,US20110147979-A1,JP2001139540-A,US20140011314-A1,JP4534282-B2,US20110210554-A1,US20120119218-A1,JP2013131477-A,CN103920698-A,JP2011201725-A,US20090255576-A1,WO2015025950-A1,WO2006056418-A3,CN101244641-A,US20090314997-A1,US20020134984-A1,US20100109126-A1,US5360990-A,US20060137741-A1,US6887144-B2,JP11128930-A,US20110023963-A1,US7279040-B1,WO2012121561-A1,JP05055145-A,WO2016118885-A1,US20100086736-A1,US4127738-A,US7525661-B2,US20100139764-A1,CN103534868-A,US6091021-A,US6730841-B2,CN101924152-A,US20080236667-A1,CN105390614-A,US6815070-B1,CN202753686-U,US20110059571-A1,US20080040990-A1,DE112007000266-T5,JP2003133075-A,KR1455724-B1,US20070176165-A1,CN104966617-A,US7054408-B2,WO2013179444-A1,US20020148721-A1,CN204819581-U,WO2010118321-A3,CN104132406-A,JP2017168500-A,CN105070508-A,US4060426-A,US20100065101-A1,EP1965452-A2,JP2013079315-A,WO2003048225-A2,CN107146852-A,US8303710-B2,US20070191583-A1,CN105470519-A,US6936994-B1,JP2000243990-A,US20030164507-A1,CN102437224-A,US20090308443-A1,US20120161117-A1,JP2009302470-A,KR2017003234-A,US20060038193-A1,US6031711-A,US20070031729-A1,WO2009011188-A1,WO2007004380-A1,US20090159119-A1,CN1653558-A,US20120199794-A1,EP1725079-A1,US6573651-B2,JP10229211-A,US20020185700-A1,WO2007002683-A3,CN1953211-A,US5677572-A,WO2018065350-A1,KR2016029052-A,KR2011011169-A,US20100031873-A1,US7609441-B2,US20070178039-A1,US20040206388-A1,JP2004214442-A,US5405709-A,US20170104444-A1,JP2016012724-A,WO2006067976-A1,US20030059646-A1,US7847362-B2,US20100197477-A1,US5141671-A,EP2502962-A1,US20090309105-A1,WO2010068916-A1,US5645948-A,KR2013115825-A,US20060032529-A1,US5294870-A,US20170033295-A1,EP3101021-A1,WO2012073010-A1,US20110279019-A1,CN104610329-A,US7125453-B2,JP58031253-A,WO2009148015-A1,WO2012145473-A1,US20120000415-A1,CN101944548-A,EP652273-A1,US6858882-B2,US20030175557-A1,WO2001019144-A1,CN207233751-U,JP5228852-B2,JP2011219916-A,EP203780-A,WO2008096617-A1,US6208075-B1,US20100117101-A1,US5969474-A,EP2527887-A2,US20070057337-A1,US9276141-B2,CN105449037-A,US20100275965-A1,KR750642-B1,US6630566-B1,US20140168576-A1,WO2011000455-A1,EP707020-A2,JP2000015697-A,WO1999066520-A1,GB2194785-A,US6130378-A,CN103000740-A,CN102237415-A,US20030138657-A1,CN201168970-Y,US20090110356-A1,US6415783-B1,CN101548408-A,US7009199-B2,JP02001503-A,US20040000266-A1,WO2009050290-A1,GB503557-A,US7105865-B2,US20060130891-A1,KR2011076046-A,WO2012108881-A1,US8465588-B2,US6020078-A,US8975717-B2,US20100316331-A1,US7538170-B2,CN86100359-A,US6387726-B1,US20140291658-A1,CN101997085-A,US20080018221-A1,US20030124381-A1,US20030044552-A1,US20110121331-A1,US20050258742-A1,WO2016117522-A1,EP987774-A2,US20020105986-A1,JP2010149402-A,CN101562211-A,US20100104495-A1,WO2017121984-A1,US20070096239-A1,US20070278938-A1,US5721634-A,CN102482291-A,US20170198160-A1,CN204703400-U,US20160155974-A1,CN102426873-A,US20070215033-A1,JP01500990-W,US20100012178-A1,US20080149165-A1,WO2008093623-A1,US20090153034-A1,JP2009196155-A,CN104093760-A,WO2009066778-A1,WO2011021982-A1,US20110272015-A1,US20080193363-A1,US20080128752-A1,US20070190758-A1,JP2002319689-A,US5851709-A,US20090020779-A1,US20170243986-A1,US20090194145-A1,CN102231392-A,WO2009110093-A1,US20090309110-A1,JP09039161-A,WO2014073534-A1,WO2011022934-A1,US7364619-B2,JP2000044278-A,CN102123860-A,US20080006323-A1,US20090194143-A1,US4885221-A,WO2015124284-A1,US20110175200-A1,US20090014052-A1,US20020189532-A1,US20090014057-A1,US20090045730-A1,US20090000221-A1,US20120186623-A1,US5830779-A,US20100319684-A1,US20130125970-A1,JP2003064175-A,US20070235072-A1,CN102455214-A,US20020064679-A1,JP2004327623-A,KR1775718-B1,JP2010287800-A,JP3542077-B2,JP2011119414-A,US6787693-B2,US6861130-B2,JP2001332752-A,US6444589-B1,JP09007960-A,WO2008050889-A1,US8835751-B2,KR2013082362-A,US20130237676-A1,WO2008109824-A3,US20020013210-A1,US6639925-B2,US4663495-A,WO2003065471-A2,US20090146170-A1,US6311436-B1,US6458475-B1,US20070267058-A1,WO2010108579-A1,US4769292-A,US6134902-A,DE4421078-A1,KR2015019188-A,US20090120491-A1,US4927770-A,CN1374315-A,JP08283696-A,US4106952-A,US4102557-A,US20090133441-A1,WO2010006680-A1,CN101140957-A,CN104143655-A,US20150136232-A1,EP2192159-A2,KR2007079680-A,US5770301-A,CN101702416-A,US20050144870-A1,CN101183687-A,US20080047603-A1,KR2003020854-A,US20140251429-A1,US20110079267-A1,US20070252132-A1,KR2008105636-A,US5405447-A,EP1873840-A1,JP2008276961-A,US5605861-A,WO2006103874-A1,JP2009135517-A,US20080083929-A1,US5501056-A,WO2011055934-A9,WO2007132236-A1,JP2010509180-A,CN106810531-A,WO2009157879-A1,CN101968975-A,JP2005333016-A,US20030068526-A1,JP2003249279-A,WO2016115602-A1,US20070099062-A1,US4053327-A,US20050128469-A1,US20090078955-A1,US20110048074-A1,JP10221064-A,US20030017361-A1,US20110200812-A1,CN201323416-Y,US20130075692-A1,US6429318-B1,US20160192501-A1,US20100147381-A1,WO2008101842-A1,US20050098095-A1,US20070104980-A1,US6998288-B1,JP2011060146-A,US7291544-B2,US20080092541-A1,JP2000231942-A,EP502200-A1,US20050167680-A1,WO2004093207-A3,EP1318183-A1,US5421134-A,WO2005040302-A1,US20080025360-A1,WO2012032880-A1,CN101255336-A,US6087196-A,WO2006000388-A1,WO2006122630-A1,JP81017080-A,CN1002994-A,JP2003134667-A,US20070275338-A1,US20060076557-A1,US20080297033-A1,US20110062416-A1,JP08139347-A,US20120219831-A1,JP5193141-B2,US3567450-A,WO2010086089-A1,JP2002134771-A,US7482532-B2,US5693111-A,US20090203866-A1,US20030027014-A1,US6926764-B2,JP2007031178-A,WO2004058911-A2,US7431968-B1,US6959520-B2,CN204967751-U,US20100154866-A1,US6936488-B2,KR1478671-B1,CN201184106-Y,US8003999-B2,US6596079-B1,US5660014-A,US20090053597-A1,JP2005014083-A,US4172740-A,JP10092596-A,CN102629496-A,JP5500059-B2,WO2009101107-A1,JP10079372-A,CN104993058-A,US20140332078-A1,US20160005894-A1,US534498-A,US5082791-A,US5700332-A,US4392008-A,US4692557-A,WO2003019694-A2,JP11261085-A,US20090171048-A1,US6584341-B1,WO2005055248-A2,JP10106746-A,US20110056545-A1,WO2005123873-A1,JP2008135655-A,KR2016103334-A,JP2016175868-A,JP10501689-W,WO2012087007-A1,JP2014170889-A,CN101878112-A,JP2005099693-A,EP2631330-B1,US20120295394-A1,WO2007130188-A3,JP2000143284-A,US20080057355-A1,JP02106978-A,US20160079552-A1,JP10074736-A,WO2009118594-A2,US20090008605-A1,EP2490268-A1,WO2004037887-A2,CN201655819-U,EP2080795-A1,US20090078317-A1,US8535971-B2,CN105315298-A,US7393599-B2,US3685644-A,FR2417188-A,JP2005101151-A,US20070218703-A1,CN102026805-A,CN1534798-A,US6274402-B1,CN101798310-A,US20060225778-A1,JP2000012471-A,US20050260442-A1,JP2006332373-A,US6150536-A,US20060214287-A1,US6350489-B1,JP2007067194-A,US20080121906-A1,EP2323174-A2,CN1684827-A,US20100229949-A1,EP948004-A1,CN204274093-U,US20090320744-A1,EP3113239-A1,KR2015116384-A,CN106976297-A,JP2004043407-A,WO2009100991-A1,JP08299785-A,JP2013062308-A,US20050191773-A1,US6350191-B1,US20160087227-A1,US20110269019-A1,US20050263791-A1,WO2005014551-A1,US6090202-A,JP2010245405-A,JP2003132964-A,WO2014020499-A1,JP2002324591-A,JP2008133174-A,JP2008522389-A,US6656615-B2,US366335-S,KR970001433-B1,US20140026949-A1,JP2009246208-A,JP2015502659-A,KR98024493-U,US20130119401-A1,WO2010046114-A2,US7012279-B2,US6883290-B2,US4002031-A,KR1775977-B1,KR1399333-B1,CN205111939-U,US7316746-B2,US6337283-B1,US366124-S,US7170095-B2,US20130102865-A1,US20090078307-A1,WO2016120264-A1,WO2012144329-A1,US6528187-B1,CN101540391-A,US20070286973-A1,KR2015077859-A,KR2008012707-A,US20090045731-A1,CN104756263-A,WO2002015645-A1,DE102008017312-A1,CN101645465-A,US20060124051-A1,US20100193016-A1,JP6099435-B2,US20100294350-A1,KR2017045808-A,CN101635203-B,JP11243062-A,US20110027469-A1,US5441827-A,CN102102015-A,JP2002260847-A,JP2003109521-A,US20100295088-A1,WO2016125532-A1,US7045205-B1,US20110220912-A1,JP2000091236-A,US20040200522-A1,JP2006332380-A,CN103718307-A,US8430958-B2,US20020104982-A1,US6294398-B1,CN101208815-A,US20050145274-A1,US20130069204-A1,KR2004085963-A,US20090017330-A1,US5728487-A,WO2011007543-A1,JP11283629-A,US20140322526-A1,CN101593791-A,FR3056591-A1,US20130256604-A1,CN105702472-A,JP2004175094-A,US5375491-A,JP2012210595-A,US7220658-B2,US20090035882-A1,KR2015132020-A,WO2017190801-A1,CN105977320-A,CN206087667-U,US20060289053-A1,WO2005106965-A1,US6492041-B2,US5981306-A,WO2004092111-A1,US3961425-A,KR2010007605-A,JP2003062921-A,DE102009034594-A1,JP2007119322-A,US5350644-A,US8609255-B2,US5871579-A,CN106047369-A,EP2648227-A1,US20060240279-A1,WO2007019183-A2,US20100319763-A1,US6219125-B1,US6998776-B2,US20080023691-A1,US8674343-B2,CN1696499-A,WO2009086028-A2,US5426902-A,WO2006082742-A1,EP886804-B1,US20020055014-A1,US20020117662-A1,JP2006012848-A,WO2007108327-A1,CN206293457-U,US20140141271-A1,CN1877864-A,JP2000312015-A,WO2007105306-A1,JP99261085-A,CN102543260-A,DE102004046554-A1,US20060130894-A1,WO2007148754-A1,JP2015099807-A,WO2011025454-A1,KR2017071730-A,US6506970-B2,US20090120016-A1,US3906221-A,US8513095-B1,US20030154973-A1,CN101125960-A,US20060037530-A1,WO2007035677-A2,US20080178928-A1,US20070164292-A1,US20080261076-A1,KR2010110442-A,US20090314032-A1,JP2048577-U,JP2009525942-A,US20110278556-A1,CN104004165-A,CN105304337-A,US20060003543-A1,JP2016164930-A,EP1160888-A1,JP03190870-A,US8772894-B2,US8481177-B2,WO2012163489-A1,JP2002249539-A,US5777346-A,US6273948-B1,US20100178718-A1,US20070105351-A1,JP2005100792-A,US6406540-B1,CN102082236-A,US8048225-B2,WO2017005699-A1,JP2001059013-A,WO2015073586-A1,US6723394-B1,CN105226132-A,JP2004018579-A,JP2008189947-A,JP2003282274-A,CN102295602-A,US4720432-A,CN103715461-A,CN101101933-A,CN203994989-U,JP2011253861-A,JP2012082130-A,WO2009017700-A1,EP2306145-A1,CN102468413-B,WO2007004495-A1,US20020058156-A1,US5484922-A,WO2006009225-A1,US20100288330-A1,JP2015065303-A,US8299247-B2,US6707046-B2,US20090229651-A1,KR98084194-A,US5169486-A,JP2002163926-A,WO2006034561-A1,JP2010153764-A,JP2002534305-W,US20030141809-A1,JP08236271-A,US7067407-B2,US5608287-A,US7160388-B2,CN101621082-A,WO2014082706-A1,US6928775-B2,JP2005101240-A,US7681363-B2,US20050087753-A1,US6333457-B1,US20040036077-A1,KR2012040680-A,US20040045930-A1,WO2000022026-A1,US6274860-B1,EP1340798-A2,US20140326292-A1,US7387537-B1,WO2011024451-A1,US20090065058-A1,EP842208-A1,US20080008855-A1,US6226890-B1,US20060052558-A1,US7285801-B2,DE19739948-A1,CN103560165-A,US4927721-A,CN104795501-A,US20070251571-A1,US20050048318-A1,US5098673-A,WO1995004953-A1,CN1798710-A,WO2012161382-A1,US4390595-A,US6515298-B2,KR2003063469-A,US4040867-A,WO1998027136-A1,US7625446-B2,JP2013203050-A,US20070087230-A1,US5593788-A,US20060228870-A1,WO2002060910-A1,US20110232761-A1,CN102834404-A,US20060065299-A1,JP09312258-A,CN104157725-A,US20090085476-A1,WO2003041177-A1,US20140042399-A1,US20100019659-A1,US4989059-A,WO2014019652-A1,JP83012089-A,US4131485-A,JP2009220530-A,KR2010056531-A,US20110017020-A1,WO2014192408-A1,US3954340-A,US20070277810-A1,CN101937933-A,WO2004099682-A2,US6835469-B2,US5059861-A,US3180730-A,KR2014017080-A,CN101820011-A,EP3130591-A1,US20150144847-A1,CN101935461-A,US20060251923-A1,US20120137966-A1,US20070234946-A1,EP2236281-A1,WO2017058011-A1,EP3141550-A1,US20110003423-A1,US20020117675-A1,KR1846133-B1,US20070252164-A1,CN106543417-A,US20050268963-A1,US5247190-A,EP1201842-A1,CN105210204-A,KR2011111692-A,US20050227450-A1,KR2009092970-A,US20100109030-A1,US20060008673-A1,US20040011395-A1,JP2001358356-A,JP2010280623-A,JP2007291372-A,CN201209065-A1,WO2011055934-A2,JP2003273381-A,JP2013129183-A,JP07106612-A,EP2980858-A2,CN105448524-A,CN1528804-A,JP2005517735-A,WO2000070655-A2,US20110017268-A1,CN101383385-A,US20090183994-A1,US20110057559-A1,CN101097967-A,US4030966-A,US6291763-B1,US20090301387-A1,US20070131574-A1,KR2013048175-A,WO2012118164-A1,JP2009007418-A,WO2010140455-A1,US5574247-A,US8444765-B2,WO2010012328-A1,KR2011107057-A,WO2011064601-A1,US6187448-B1,US20090294773-A1,WO2005042548-A1,US20140020736-A1,US7474811-B1,JP2013534023-A,US20010035205-A1,CN1671648-A,US20060246687-A1,US9305715-B2,KR2014132562-A,JP99251063-A,US20130061919-A1,US7112829-B2,WO2014082704-A1,US6420643-B2,JP2009155648-A,CN1769269-A,US20130068613-A1,US20050178430-A1,JP2001043908-A,US20150188065-A1,JP2008181832-A,US20060088728-A1,US20040206389-A1,US6806508-B2,US6943088-B2,US20010505102-A1,WO2012001033-A1,US3310432-A,US20050260449-A1,CN106349252-A,US20100012183-A1,JP2002164089-A,EP2693503-A1,CN1677053-A,US20140113390-A1,WO2009063833-A1,EP2352163-A2,US6013871-A,JP2010128458-A,US20080083970-A1,JP2004247390-A,US6887266-B2,US20070215865-A1,CN103904224-A,CN103137239-A,JP2007307789-A,US20070228404-A1,CN103078014-A,US6313395-B1,JP2000022185-A,JP2000188411-A,WO2016065136-A1,WO2008123124-A1,JP2009525942-W,US20160163914-A1,CN102157591-A,US20150097162-A1,JP2002025926-A,JP02048577-A,US5892244-A,US20070281363-A1,US3837944-A,CN201328091-Y,US20060029815-A1,US8207444-B2,WO2007065678-A1,US20070111370-A1,US6502423-B1,US5739545-A,US5928802-A,US8435347-B2,WO2007063754-A1,US4647193-A,US9029083-B2,US7468485-B1,CN105968126-A,US20050100690-A1,JP2009102533-A,US20110006670-A1,KR2012129733-A,US20030040627-A1,US5641362-A,US20160233424-A1,JP58224171-A,JP2009202587-A,CN1529922-A,US20110223480-A1,US7063741-B2,US5057439-A,JP2004068143-A,US20030183155-A1,US20060042539-A1,EP782176-A2,US7090928-B2,US7569804-B2,JP2002508576-A,US5344498-A,US4924301-A,US20060048812-A1,JP2004249614-A,US20080087919-A1,WO2007130188-A2,US20080230119-A1,WO2006000389-A1,US5703436-A,US6425987-B1,JP2001271061-A,CN103400636-A,CN1880183-A,US7090930-B2,US20140353166-A1,JP2007070620-A,US20090159113-A1,US20080271773-A1,JP2002042863-A,CN103219356-A,WO2007058118-A1,US5648873-A,US20020189666-A1,KR1455723-B1,WO2014180789-A1,US20170186973-A1,KR2015028173-A,US20030068535-A1,KR1050127-B1,US20080211416-A1,EP1819005-A1,WO2012133270-A1,JP2014504040-A,WO2011024968-A1,JP2014508818-A,EP1544172-A1,WO2011086747-A1,JP2015015397-A,JP2013247237-A,US9169282-B2,US20140120282-A1,US20050102947-A1,CN1631827-A,WO2011060526-A1,US20070007538-A1,CN106892915-A,US20040137267-A1,US6533874-B1,US20110089402-A1,US20070256728-A1,US20050000565-A1,US20090295275-A1,US20010009134-A1,US5110370-A,WO2011158568-A1,EP528662-A1,CN106622296-A,US7105360-B2,TW201034031-A,US8134217-B2,WO2016158838-A1,CN1271964-A,US5998804-A,WO2005030900-A1,US20090056791-A1,CN102496477-A,JP11199565-A,US20070158785-A1,US20030127126-A1,JP2004335208-A,CN101747383-A,WO2013171520-A1,CN105140310-A,WO2007035677-A3,US20130104969-A1,US20120000522-A1,US20120306362-A1,EP1897861-A1,JP2013129067-A,EP1749014-B1,US20070141819-A1,US20080247201-A1,US5665175-A,US7759710-B1,US20030010971-A1,US20120073494-A1,JP2010067355-A,US20090133738-A1,US5877874-A,CN102249292-A,JP08003547-A,US20110183498-A1,US8461071-B2,CN101128941-A,JP2011054695-A,CN101289403-A,CN102639591-A,US5807440-A,US8284810-B1,US5326848-A,JP2012116748-A,KR2004028201-A,US20050025993-A1,US20070121690-A1,CN101160668-A,US20050205215-A1,US4144096-A,JP03209780-A,KR2017077970-A,US7812250-B2,US20130316182-A1,US20080083741-A1,EP275662-A,EP889350-A1,CN103159926-A,US7705237-B2,KR1089631-B1,US6013373-A,US20090134784-A1,JP11345990-A,JP2004036098-A,KR2009118133-A,CN102850528-A,US20150318401-A1,WO2005033244-A1,WO2015044377-A1,US6372002-B1,US7385221-B1,US20090320745-A1,JP2007234259-A,KR2010026710-A,US20120073947-A1,US20070278936-A1,US20120080078-A1,CN102208465-A,WO2011128017-A1,US6955719-B2,JP2004134581-A,CN101935389-A,JP2002208715-A,CN101939325-A,US20160020397-A1,US5625729-A,WO2016116504-A1,US20140252279-A1,EP716339-A1,CN104971744-A,US5164020-A,US7338828-B2,JP2003218378-A,US20010050102-A1,US6407360-B1,US20100075175-A1,US20040104391-A1,JP2013235996-A,US5801109-A,CN101529610-A,US20050167603-A1,JP08159714-A,US5084365-A,WO2005011013-A1,EP576280-A2,KR2001069499-A,US6690029-B1,US20160343941-A1,CN105470395-A,CN101404308-A,US20120060926-A1,WO2009083901-A1,WO2004113412-A2,JP6071093-B,KR2013112850-A,US6596040-B2,US7101433-B2,US5681402-A,WO2012140236-A2,WO2012059386-A1,US20070215197-A1,US7678990-B2,JP2017112185-A,CN1433095-A,JP2008525995-A,US20090223562-A1,US8021481-B2,US7569206-B2,JP2003123862-A,CN103247705-A,WO2007027498-A1,WO2016116520-A1,US7279704-B2,US8482104-B2,JP2017136827-A,US5554450-A,CN101894599-A,US20100171102-A1,CN101083287-A,US20090165860-A1,CN102136308-A,US5549762-A,US6943390-B2,WO2009066779-A1,JP10004203-A,WO2002067343-A1,US4497974-A,JP2008112976-A,EP2336050-A1,US6140763-A,JP2003203520-A,WO2004041901-A1,CN103531711-A,US20090133740-A1,WO2018100963-A1,WO2012141499-A1,US366336-S,US6451702-B1,JP2011119695-A,JP4445176-B2,WO2007115610-A1,WO2010147319-A2,US7175704-B2,US3658520-A,US20020182768-A1,WO2012163490-A1,US20070191207-A1,WO2005104264-A1,JP2000138170-A,WO2007065523-A1,JP2015153767-A,US20080216893-A1,WO2013135339-A2,JP07142748-A,JP2008159895-A,WO2009124627-A1,WO2006130598-A2,CN106543200-A,CN105541616-A,US20100031876-A1,US20120227787-A1,WO2011062167-A1,DE102015118683-A1,JP2001039738-A,US6682677-B2,US20060207497-A1,US20070128967-A1,US20100168444-A1,WO1993008605-A1,DE20214872-A1,KR2012135528-A,US20090117684-A1,WO2007017066-A1,US5865906-A,US7122827-B2,US7871839-B2,WO2009086210-A2,US4066868-A,JP2001503-U,CN103421164-A,WO2008058165-A2,EP333641-A,US5151629-A,JP2010056508-A,WO2013126537-A1,US6983571-B2,KR1604630-B1,JP11307792-A,US8383553-B2,US7740957-B2,CN1621757-A,JP11209714-A,US20090046684-A1,CN105895726-A,US6049035-A,WO2005124802-A1,US8288013-B2,CN101275472-A,US5053083-A,US20070151598-A1,US20110108820-A1,JP88268734-A,WO2010118375-A2,JP2007208179-A,US20090030202-A1,WO2009099070-A1,US20050189015-A1,US8323405-B2,JP2010132347-A,CN1866546-A,US20040222357-A1,CN103013498-A,US20060030738-A1,EP2272828-A1,US5639688-A,US5935721-A,WO2001088221-A1,WO2007133344-A2,US20120085396-A1,US20090218593-A1,US20030175553-A1,US20100031872-A1,DE102010010509-A1,EP676461-A2,KR2016067413-A,US20060213429-A1,US6268558-B1,JP2002093475-A,US20120085993-A1,WO2004085449-A1,CN104566015-A,WO2014045021-A1,US20100315035-A1,JP2007204538-A,US7378162-B2,WO2006061759-A2,US20060127775-A1,US20050271796-A1,US20160329858-A1,US20100326501-A1,CN102254695-A,WO2003060956-A3,US5590495-A,JP2010215759-A,US20020100906-A1,US7227078-B2,US20030054198-A1,US20120180871-A1,US5315104-A,JP09139515-A,US5271201-A,US20020113200-A1,KR2010092745-A,WO2011016408-A1,CN101400614-A,US20090087941-A1,JP11238905-A,CN101388438-A,JP2001318219-A,US7705276-B2,US20090038682-A1,JP07094421-A,WO2010084833-A1,US20110272008-A1,US4860509-A,US20080236662-A1,WO2007095118-A2,CN101783615-A,US20020157702-A1,US20020070416-A1,JP2002164554-A,US20100003492-A1,US20080018238-A1,WO2012118346-A2,CN103035410-A,KR2012096832-A,US20130146120-A1,US20060118799-A1,US20070142204-A1,US5667300-A,WO2018065356-A1,US7842432-B2,US20100147384-A1,US20100031874-A1,US20150259816-A1,WO2006098120-A1,JP2009173307-A,EP808722-A1,US7572396-B2,EP1617710-A1,WO2016116497-A1,EP2631331-A1,CN103840742-A,US6957650-B2,JP2016028883-A,KR2015136167-A,US7851698-B2,US5714838-A,WO2006100298-A1,WO2010083871-A1,JP2004288381-A,JP2007042616-A,US20070015345-A1,WO2009008311-A1,US20060169993-A1,US20090199891-A1,JP2008108423-A,US20100112270-A1,CN102324267-A,CN1818009-A,CN106067514-A,CN1743966-A,JP2003095691-A,US20150194555-A1,US6084175-A,KR2011113469-A,US20020197511-A1,WO2006098080-A1,JP2013197530-A,US3961997-A,US20120217165-A1,JP2001172284-A,JP2001097733-A,JP2011011424-A,JP2008030459-A,CN101582462-A,CN203339193-U,US20100139749-A1,JP2011102004-A,WO2014188092-A1,US20110287939-A1,KR1306817-B1,US3303053-A,WO2011030117-A1,US20110277818-A1,CN102185043-A,US8206838-B2,CN101893818-A,US20090159130-A1,US20070147767-A1,US20040055631-A1,US20110079265-A1,US20080110208-A1,CN101777596-A,KR99024073-U,US6091195-A,US20160268530-A1,CN102938259-A,CN101567402-A,US20160126474-A1,CN205104973-U,EP1191613-A2,US5082363-A,WO2016015804-A1,CN1280394-A,JP09129555-A,JP2011066172-A,JP2011210749-A,JP2009226914-A,JP2017010628-A,JP2008146974-A,WO2007107961-A1,CN102066243-A,JP2008530254-A,KR2012107370-A,US20120007102-A1,WO2008126689-A1,US20090014051-A1,US20070251568-A1,JP2007238398-A,US20060096521-A1,US20120118223-A1,JP2010017991-A,WO2008109824-A2,CN103649096-A,US20140090703-A1,CN102394321-A,CN201072760-Y,JP2008021993-A,WO2006132173-A1,US7572425-B2,US20120132930-A1,JP2005019251-A,US20130233377-A1,US7396598-B2,US20070151509-A1,US6500356-B2,CN104751942-A,KR2013041692-A,EP2824434-A1,US20100059100-A1,US6468819-B1,US8455754-B2,CN107785174-A,US20080202583-A1,US7622667-B2,US7328534-B2,US20140264419-A1,WO2012087243-A1,KR2011077716-A,US20060046172-A1,US20100001300-A1,US5164019-A,US7144751-B2,JP2012125723-A,US20050263179-A1,US5776623-A,US6541115-B2,JP2990379-B2,JP2010050095-A,US20090084443-A1,KR1800805-B1,WO2017005698-A1,JP59220979-A,US6875914-B2,JP2008214677-A,US7332232-B2,WO2004093207-A2,EP1906455-A1,WO2011111592-A1,US20040105614-A1,US6310382-B1,US6455877-B1,JP2002343993-A,EP986079-A2,US20020011852-A1,CN1995097-A,US20150249170-A1,KR2005041707-A,US20100151194-A1,US20150053259-A1,US6406776-B1,US20120153274-A1,US20060202194-A1,JP2006080396-A,US8431243-B2,FR2896596-A1,KR2001081851-A,WO2009060742-A1,US335336-S,KR2010129030-A,JP2011187544-A,US6169047-B1,US20030232512-A1,US5976951-A,CN101894884-A,JP2011051220-A,JP02060088-A,WO2011125680-A1,US20070224450-A1,US6303238-B1,US8278656-B2,US20030213514-A1,US5287669-A,WO2007065549-A1,US20060048699-A1,US20080238305-A1,US7141863-B1,US7348608-B2,EP986109-A1,US5488801-A,GB2417599-A,DE102009003221-A1,WO2007140847-A1,US20110256693-A1,JP2017081143-A,US20020104562-A1,WO2011028829-A2,KR2017040687-A,WO2012114315-A1,US20100163487-A1,US5935720-A,JP81059714-A,US20090167162-A1,WO2006005627-A1,US20090101870-A1,US6127623-A,US20080316410-A1,US4539507-A,US20100213440-A1,CN102529710-A
US2019189824-A1
US2019189813-A1
US2019181278-A1
EP3496155-A1
KR2019066158-A
CN208955000-U
JP2019085357-A
WO2019106109-A1
WO2019107892-A1
CN109830561-A
WO2019101594-A1
CN109734842-A
CN109705314-A
KR2019042135-A
CN109616536-A
CN109616329-A
CN109493992-A
CN109467561-A
CN109461793-A
CN109438415-A
TW201906180-A
TW201904082-A
EP3496164-A1
WO2019107046-A1
JP2019087662-A
CN109830556-A
WO2019101746-A1
WO2019102936-A1
CN109830566-A
CN208923157-U
CN109830552-A
CN208923167-U
KR2019058017-A
WO2019096717-A2
US2019157488-A1
WO2019098535-A1
CN208889630-U
CN208873746-U
CN109755328-A
CN109755350-A
CN109754905-A
CN109727779-A
CN109713065-A
CN109694466-A
CN109678198-A
CN109651410-A
CN109599448-A
CN109585604-A
CN109545870-A
CN109545979-A
CN109545881-A
CN109545981-A
CN109545660-A
CN109524242-A
KR1989738-B1
US2019181350-A1
JP2019091744-A
WO2019111491-A1
WO2019112091-A1
US2019181359-A1
KR2019062648-A
DE102018114290-B3
JP2019087606-A
JP2019087512-A
KR2019061365-A
KR2019062350-A
KR2019061413-A
KR2019060542-A
KR2019060546-A
CN109830571-A
CN109776576-A
WO2019093623-A1
EP3483156-A1
CN208758767-U
CN109651197-A
CN109638106-A
CN109616530-A
CN109503594-A
CN109503457-A
CN109448998-A
US2019172962-A1
AM1984-A2
US2019181287-A1
WO2019107069-A1
WO2019107211-A1
KR2019060534-A
EP3489240-A1
CN208908227-U
US2019157581-A1
KR2019043743-A
CN109574062-A
CN109560027-A
WO2011119001-A2
US2010147384-A1
EP3496159-A1
US2019171311-A1
WO2019106234-A1
US2019173423-A1
US2019173288-A1
WO2019107869-A1
WO2019101835-A1
CN109830565-A
KR2019058997-A
KR2019059134-A
KR1983596-B1
WO2019100667-A1
CN208904043-U
CN109802010-A
CN208904021-U
CN208889632-U
CN208889676-U
CN109786490-A
CN208889673-U
CN109786476-A
IN201711040818-A
WO2019093666-A1
KR2019051333-A
KR2019050560-A
CN208848913-U
CN208820734-U
CN208819893-U
CN109713084-A
CN109652060-A
CN109659068-A
CN109659066-A
CN109599459-A
CN109585577-A
CN109585583-A
CN109585351-A
CN109560200-A
CN109545908-A
CN109545878-A
RO133229-A2
CN109545868-A
CN109545862-A
CN109539104-A
CN109461776-A
JP2017119805-A
CN106832229-A
WO2019102836-A1
WO2019102783-A1
WO2019103570-A1
US2019165193-A1
JP2019083318-A
JP2019083666-A
WO2019103255-A1
JP2019083248-A
EP3490140-A1
US10305421-B1
CN208907717-U
KR1982588-B1
FR3073975-A1
CN208904042-U
KR2019055350-A
WO2019098386-A1
JP2019079973-A
CN208889677-U
CN208889243-U
CN208889681-U
CN109786479-A
CN208873729-U
JP2019073468-A
KR2019049215-A
WO2019085685-A1
WO2019087798-A1
WO2019086668-A1
CN208835075-U
CN109698666-A
CN109698246-A
CN109623219-A
KR2019035572-A
CN109560170-A
CN109535175-A
CN109535394-A
KR2019032070-A
CN109509806-A
KR2019030188-A
KR2019027643-A
CN109449297-A
CN109449228-A
CN109427921-A
CN109395704-A
CN109400853-A
CN109395748-A
CN109411570-A
CN109369891-A
CN109369686-A
US2019115487-A1
WO2019103861-A2
KR2019056550-A
KR1982589-B1
CN208903991-U
WO2019097249-A1
CN208873739-U
CN208861997-U
KR2019049321-A
KR2019049005-A
WO2019088521-A1
CN208835034-U
CN109713054-A
CN109713131-A
RU188622-U1
CN109560155-A
TW575611-U
CN109427487-A
CN109390159-A
CN109336772-A
WO2018174476-A1
CN108417717-A
CN108385132-A
CN207425874-U
CN207312041-U
CN107955139-A
CN207233751-U
CN207218623-U
WO2018035695-A1
CN107658355-A
CN206872021-U
CN107546293-A
CN206672949-U
CN107359243-A
CN107331774-A
CN107275490-A
JP2017186473-A
WO2017169215-A1
CN107221441-A
CN107141453-A
CN206452347-U
CN107068409-A
CN206364770-U
KR2017077858-A
CN106905331-A
CN106876594-A
CN206254611-U
WO2017100443-A1
CN106684114-A
CN106684182-A
WO2017043835-A1
CN106481093-A
JP2017046560-A
CN106449882-A
WO2017026118-A1
CN205912006-U
CN106356581-A
KR2017003234-A
WO2016198889-A1
CN106117225-A
CN106025073-A
KR2016118415-A
EP3065189-A1
CN105895379-A
WO2016126693-A1
WO2016117797-A2
CN105788871-A
CN105742504-A
CN105702865-A
CN105552230-A
CN105542131-A
US2016121586-A1
CN105489710-A
CN105315298-A
CN105092213-A
WO2015154845-A1
KR2015113629-A
KR2015113631-A
CN104961643-A
US2015280143-A1
WO2015147278-A1
CN104867621-A
WO2015092397-A1
JP2015115442-A
EP2883881-A1
WO2015080990-A1
WO2015065055-A1
CN104557968-A
DE102013111680-A1
WO2015044261-A1
CN104465992-A
WO2015033857-A1
GB2515322-A
CN104211912-A
JP2014221737-A
WO2014189072-A1
WO2014180789-A1
WO2014180780-A1
WO2014173788-A1
CN104060235-A
CN104004165-A
JP2014143321-A
CN103971785-A
WO2014094961-A1
JP2014122218-A
WO2014082706-A1
WO2014082704-A1
CN103804650-A
WO2014073455-A1
JP2014086602-A
JP2014049655-A
DE102012107472-A1
CN103588808-A
WO2014021177-A1
CN103497532-A
KR2013136806-A
CN203312314-U
JP2013235932-A
WO2013171518-A1
WO2013171520-A1
CN103400636-A
CN203299157-U
CN103390657-A
CN203261263-U
US2013278749-A1
CN103367489-A
CN203232874-U
WO2013145775-A1
CN103337277-A
CN203177340-U
KR2013091507-A
DE102012201421-A1
WO2013103281-A1
CN103199124-A
JP2013131477-A
WO2013099855-A1
CN203026987-U
US2013147420-A1
CN103151421-A
CN202977466-U
CN202977436-U
WO2013069261-A1
CN103106952-A
CN103077764-A
CN103021667-A
WO2013031098-A1
WO2013011872-A1
WO2013000532-A1
WO2012176959-A1
CN102832347-A
CN202573212-U
KR2012128843-A
WO2012149999-A1
EP2518781-A2
CN102751359-A
CN102738275-A
WO2012136296-A1
CN102709399-A
WO2012110924-A1
CN102610696-A
US2012181511-A1
CN202336668-U
CN102522452-A
KR2012065830-A
CN102496477-A
US2012091465-A1
US2012055530-A1
WO2012020341-A1
WO2012018165-A1
WO2012008488-A1
CN102324267-A
DE102010030500-A1
CN202073003-U
CN102263153-A
US2011260138-A1
DE102010027940-A1
CN201946227-U
US2011126891-A1
CN201808263-U
CN102013841-A
CN101986436-A
KR1016646-B1
CN101976972-A
FR2948819-A1
CN101938230-A
CN101866963-A
CN101845839-A
CN201556633-U
JP2010177264-A
CN101777596-A
JP2010135655-A
CN201508845-U
WO2010059907-A1
CN101712674-A
WO2010038760-A1
KR2010028990-A
WO2010020329-A1
WO2009151808-A1
WO2009126796-A2
WO2009126803-A2
JP2009206212-A
CN101515505-A
US2009194161-A1
EP2086016-A2
CN201286080-Y
WO2009093780-A1
WO2009089236-A2
CN101447340-A
JP2009102676-A
WO2009057704-A1
CN101404308-A
WO2009037155-A1
KR2009020527-A
CN201185031-Y
CN101286533-A
CN101265365-A
WO2008096876-A1
JP2008177560-A
CN201091064-Y
CN200995781-Y
JP2007182410-A
GB2424121-A
KR581966-B1
EP1605479-A2
JP2005216861-A
JP2005158380-A
JP2005097561-A
JP2005093370-A
JP2003347573-A
EP1146569-A2
EP452078-A
US2019157496-A1
US2019157874-A1
JP2019080002-A
KR2019052834-A
EP3483224-A1
CN208861612-U
KR2019046356-A
WO2019082088-A1
CN109659395-A
CN109616237-A
CN109545970-A
KR2019023900-A
CN109449226-A
CN109449231-A
CN109411554-A
CN109370440-A
CN109378362-A
CN109319832-A
CN109326790-A
US10304977-B1
US2019157483-A1
KR488550-Y1
CN208873742-U
WO2019091995-A1
WO2019093459-A1
CN208855194-U
CN208861998-U
CN109741949-A
CN208848869-U
CN208849483-U
WO2019088447-A1
WO2019084685-A1
IN201711039092-A
CN109599491-A
CN109585605-A
CN208637401-U
CN109494261-A
CN109473503-A
CN109400622-A
CN109378108-A
CN109337047-A
CN109337046-A
CN109320525-A
CN109320495-A
CN205754191-U
US2019148565-A1
KR2019052392-A
JP2019075468-A
WO2019093558-A1
US2019148083-A1
JP2019074503-A
WO2019093200-A1
US2019148572-A1
KR1978912-B1
KR1979116-B1
US10290755-B1
KR2019050324-A
KR1976678-B1
KR1976673-B1
WO2019086667-A1
WO2019090229-A1
WO2019087918-A1
WO2019088526-A1
WO2019087259-A1
WO2019088520-A2
WO2019088525-A1
KR2019048329-A
WO2019087168-A1
WO2019086400-A1
WO2019087693-A1
WO2019087797-A1
WO2019088522-A1
WO2019087801-A1
WO2019086670-A1
JP2019070076-A
WO2019087590-A1
US10283712-B1
KR2019046357-A
CN208835077-U
CN208819904-U
CN109713064-A
CN208815440-U
CN208819746-U
WO2019081433-A1
WO2019083167-A1
WO2019083235-A1
WO2019083150-A1
WO2019081391-A1
WO2019082927-A1
CN208806264-U
CN109698075-A
KR2019043185-A
CN208797008-U
CN208797012-U
CN208796959-U
WO2019078443-A1
JP2019067794-A
WO2019078566-A1
EP3473752-A1
CN208781862-U
CN109671794-A
CN208781860-U
CN208782555-U
CN109671808-A
CN208781861-U
CN208781866-U
CN208781871-U
CN208767309-U
CN208767319-U
KR2019040150-A
CN208752975-U
CN208753338-U
CN208753342-U
CN208753351-U
CN208738277-U
CN208738265-U
KR2019037772-A
KR2019037625-A
CN109585606-A
KR2019036126-A
KR2019036073-A
KR2019035266-A
KR2019035311-A
CN208690274-U
CN109560165-A
CN109545893-A
CN109524331-A
CN109524481-A
CN109509570-A
KR2019028038-A
CN109455948-A
CN109449236-A
CN109449253-A
CN109449249-A
CN109449218-A
CN109435416-A
CN109427928-A
CN109378388-A
CN109378385-A
CN109346536-A
CN109346612-A
CN109337687-A
CN109346603-A
CN109326716-A
CN109293887-A
CN109293693-A
CN109301021-A
CN109301071-A
CN109293890-A
CN109278369-A
CN109280051-A
CN109265470-A
CN109232519-A
CN109206366-A
CN109180582-A
WO2019082495-A1
KR1947055-B1
KR2019041693-A
CN208767326-U
CN208722899-U
CN208717473-U
CN208690275-U
CN109559982-A
KR2019033903-A
KR2019025336-A
CN109427931-A
CN109421363-A
CN109265410-A
JP2017123430-A
JP2019071342-A
JP2019069428-A
US2019140117-A1
EP3480858-A1
KR1975577-B1
WO2019080594-A1
WO2019082844-A1
WO2019083059-A1
US2019127529-A1
DE102017219312-A1
US2019131487-A1
US2019131463-A1
KR1974047-B1
KR2019044268-A
KR1973021-B1
WO2019077367-A1
JP2019065366-A
JP2019063767-A
JP2019068693-A
JP2019067817-A
WO2019075570-A1
JP2019063699-A
JP2019063698-A
WO2019076965-A1
JP2019065267-A
WO2019076844-A1
EP3473620-A1
KR2019042274-A
KR2019041268-A
KR1970635-B1
WO2019072617-A1
JP2019059722-A
JP2019059824-A
WO2019073077-A1
WO2019074093-A1
WO2019073075-A1
WO2019072163-A1
KR1969949-B1
CN208753337-U
CN208701204-U
CN109585659-A
WO2019066250-A1
WO2019066242-A1
WO2019066607-A1
KR2019035119-A
CN109540631-A
CN109545673-A
KR2019031995-A
BR102017019110-A2
CN208655678-U
KR2019030881-A
IN201711033295-A
CN208637392-U
CN109473555-A
CN109467562-A
KR2019026177-A
CA3016789-A1
CN109449256-A
KR2019023426-A
KR2019022400-A
CN109427428-A
CN109411559-A
CN109411557-A
CN109411521-A
KR2019019550-A
CN109390433-A
CN109378350-A
CN109378107-A
CN109346605-A
CN109346550-A
CN109326664-A
CN109282505-A
CN109265656-A
CN109251365-A
CN109232605-A
CN109243829-A
CN109206728-A
CN109206437-A
RO132874-A2
WO2018084159-A1
AM2262-A
US2019131477-A1
US2019122829-A1
DE102017124800-A1
JP2019067837-A
WO2019076468-A1
JP2019068109-A
WO2019078598-A1
KR2019042838-A
JP2019066425-A
WO2019077843-A1
KR2019042405-A
KR1971368-B1
KR1971367-B1
KR1971398-B1
WO2019075215-A1
US2019112319-A1
WO2019074262-A1
KR1942455-B1
KR1969823-B1
CN109616238-A
CN208738279-U
CN208738284-U
CN208738276-U
CN208722853-U
CN208706666-U
CN109585054-A
WO2019066204-A1
CN208674154-U
CN109545423-A
CN109524483-A
CN208637431-U
CN208622760-U
CN109473508-A
CN109473553-A
IN201711011999-A
CN109449296-A
CN208589453-U
CN109390429-A
CN109378347-A
CN109378357-A
CN109326667-A
CN109256470-A
CN109244243-A
CN109244161-A
CN109180689-A
WO2019053795-A1
CN108110074-A
CN106129139-A
JP2015230360-A
DE102018003272-B3
WO2019074616-A2
US2019115117-A1
JP2019062088-A
JP2019062012-A
KR2019040169-A
EP3470411-A1
KR1969523-B1
KR1968964-B1
IN201911012276-A
JP2019056714-A
WO2019068929-A1
WO2019069765-A1
WO2019068679-A1
JP2019055916-A
EP3467883-A1
KR1967275-B1
CN109599460-A
KR2019037657-A
CN109585656-A
CN109585579-A
CN208706662-U
WO2019063886-A1
KR2019036189-A
JP2019052111-A
WO2019063288-A1
CN208675183-U
CN208674157-U
CN208674150-U
EP3459943-A1
CN109524241-A
CN208637396-U
CN208638739-U
CN208638316-U
WO2019053067-A1
WO2019053046-A1
WO2019052935-A1
WO2019052940-A1
WO2019052939-A1
CN208622745-U
KR2019027416-A
KR2019027477-A
CN109473490-A
CA3016778-A1
KR2019026511-A
CN208596697-U
CN208596687-U
CN208596686-U
CN208596692-U
CN208596688-U
CN109440084-A
CN208580749-U
CN208570628-U
CN208570626-U
CN208570561-U
CN109401440-A
CN109411553-A
CN208570617-U
KR2019019255-A
CN208548340-U
CN109378348-A
CN109360863-A
KR2019012246-A
CN109300829-A
CN109264774-A
CN109232604-A
CN109232520-A
CN109216509-A
CN109216484-A
CN109215835-A
CN109215837-A
CN109216563-A
CN109180585-A
CN109180560-A
CN109096291-A
CN109053745-A
UZ4720-C
MD576-Z
DE102018122939-A1
WO2019069396-A1
JP2019057619-A
WO2019065020-A1
CN109545880-A
CN109545906-A
CN208655666-U
CN208652409-U
KR1959545-B1
CN208608214-U
CN208604851-U
CA3017010-A1
CA3017002-A1
CN208608207-U
CN208580751-U
CN109309139-A
CN109308995-A
CN109174129-A
CN208336242-U
DE102017217713-A1
EP3467892-A1
JP2019054166-A
WO2019062739-A1
WO2019062773-A1
WO2019065606-A1
WO2019065920-A1
WO2019065908-A1
DE102017217519-A1
US2019103497-A1
KR2019035021-A
JP6494844-B1
KR1963764-B1
CN109545559-A
WO2019059072-A1
WO2019059270-A1
JP2019050346-A
DE102018007387-A1
US2019097068-A1
JP2019047070-A
CN208637441-U
KR1961196-B1
CN208622750-U
IN201711018191-A
KR2019024303-A
EP3450429-A1
CN109401059-A
KR2019019026-A
CN109390076-A
CN208529912-U
CN208538883-U
CN208489210-U
CN208489216-U
CN109326662-A
CN208489212-U
CN109301012-A
CN109294581-A
CN109285921-A
CN109180706-A
CN109180637-A
CN109161004-A
CN109133166-A
CN109134477-A
CN108110068-A
WO2019063083-A1
JP2019054692-A
KR1964304-B1
CN208622363-U
CN109493993-A
KR2019027642-A
KR2019027212-A
KR2019023383-A
CN109378109-A
KR2019018281-A
CN109326665-A
CN109326514-A
CN109285896-A
CN109134283-A
KR2016134298-A
KR2016091516-A
EP3462501-A1
WO2019059765-A1
WO2019058605-A1
WO2019059772-A1
JP2019048812-A
EP3460996-A1
JP2019047071-A
JP2019044125-A
JP2019046935-A
KR1960614-B1
KR1958930-B1
CN109494262-A
KR2019023019-A
KR2019021960-A
KR2019021948-A
KR2019021890-A
KR2019020980-A
KR2019020509-A
CN208570621-U
KR2019018996-A
KR2019018929-A
CN208548356-U
CN109367146-A
CN109378364-A
KR2019013529-A
KR2019011950-A
KR2019011952-A
CN109273602-A
CN109192517-A
CN109180911-A
CN109136863-A
CN109134525-A
CN109134513-A
IN201821016227-A
BY21744-C1
WO2019059016-A1
US2019096965-A1
WO2019056780-A1
WO2019058603-A1
KR2019030293-A
WO2019053049-A1
US2019088630-A1
WO2019053967-A1
WO2019053968-A1
KR2019029176-A
CN208570644-U
CN109360891-A
CN208521947-U
CN109273559-A
CN109273537-A
CN109273551-A
CN109273169-A
CN109273536-A
CN109273557-A
CN109244193-A
CN109148283-A
CN109134515-A
CN109148689-A
CN109119502-A
CN109096159-A
CN109081825-A
KR1863773-B1
CN108091728-A
BY19933-C1
DE102017122530-A1
WO2019058604-A1
JP2019043815-A
JP2019047099-A
JP2019046845-A
JP2019044249-A
JP2019042942-A
US2019088805-A1
WO2019054318-A1
KR2019028892-A
EP3457443-A1
JP2019038798-A
JP2019038876-A
KR2019019506-A
CN208521945-U
CN208495008-U
CN208507695-U
CN109326450-A
KR2019013110-A
CN109294570-A
CN109265435-A
TW573518-U
CN109244150-A
CN109216504-A
CN109216478-A
CN109206653-A
CN109216487-A
CN205845972-U
UZ1021-U
DE102017216528-A1
WO2019053957-A1
KR1959736-B1
EP3456797-A1
KR1960265-B1
DE102017121228-A1
KR2019000650-U
WO2019045269-A1
CN208570620-U
CN208570625-U
AU2019200576-A1
KR2019016189-A
KR2019016225-A
CN109346602-A
CN109326444-A
CN208489207-U
CN208478348-U
CN109300573-A
CN109301070-A
CN109244160-A
CN109179492-A
CN109053740-A
CN109053735-A
CN109023464-A
CN108110070-A
CN108054284-A
US2019089298-A1
US2019089162-A1
WO2019052978-A1
KR1959177-B1
WO2019049634-A1
JP2019041090-A
JP2019038920-A
